Name,
Agile Development,
AWS,
Analytics,
Analytical,
Database Improvements,
Analyze Impact,
APIs,
Applications,
Application Development,
Architecture,
Artificial Intelligence,
Azure,
Big Data,
Business Analytics,
Business Intelligence,
Business Process Modeling,
Cloud Applications,
Cloud Computing,
Cloud-Based Visualizations,
Cloud Hosting Services,
Cloud Maintenance Tasks,
Cloud Management Tools,
Cloud Platforms,
Cloud Scalability,
Cloud Services,
Cloud Systems Administration,
Code,
Coding,
Communication,
Configure Database Software,
Configuration,
Configuration Management,
Content Strategy,
Content Management,
Continuous Deployment,
Continuous Integration,
Customer Support,
Database,
Data Analysis,
Data Analytics,
Data Imports,
Data Intelligence,
Data Mining,
Data Modeling,
Data Science,
Data Strategy,
Data Storage,
Data Visualization Tools,
Data Visualizations,
Database Administration,
Deploying Applications,
Deployment Automation Tools,
Deployment of Cloud Services,
Design,
Desktop Support,
Design Principles,
Design Prototypes,
Design Specifications,
Design Tools,
Develop Network Structures,
Developer,
Development,
Documentation,
File Systems,
Front End Design,
Game Development,
Google Analytics,
Hardware,
Help Desk,
HTML,
Identify User Needs,
Implementation,
Information Architecture,
Information Design,
Interaction Design,
Interaction Flows,
Installation,
Integrated Technologies,
IT Optimization,
IT Security,
IT Solutions,
Linux,
Metrics,
Mobile Applications,
Networks,
Networking,
Operating Systems,
Optimizing User Experiences,
Optimizing Website Performance,
PHP,
PHP Security,
Programming,
Process Flows,
Product Design,
Product Development,
Prototyping Methods,
Product Development,
Product Management,
Product Support,
Product Training,
Project Management,
Repairs,
Reporting,
Responsive Design,
Security,
Servers,
Software Development,
Software Engineering,
Software Quality Assurance,
Software Testing,
Storage,
Support,
Tablets,
Testing,
Training,
Troubleshooting,
User Research,
User Testing,
Usability,
User Experience,
User Interface,
Virtualization,
Visual Design,
Web Analytics,
Web Applications,
Web Development,
Web Design,
